channel,f_demod_hz,i_v,q_v,mag_v,single_tone_mag_v,ratio
250,249760293.99524745,-0.01882041296883066,0.006356070024206938,0.019864731824768018,0.0407294407678503,0.48772414868136865
500,499676124.1143686,0.007595400585706731,-0.06459058909709312,0.06503563876803917,0.1382084019305919,0.4705621211125789
750,749856609.7766275,0.019836563188595818,-0.034476200716853866,0.03977559119615885,0.07463980536792893,0.5329005213784969
1g,994763215.6172117,-0.009795428916209069,-0.03351385492517387,0.03491602640046696,0.0683505290983834,0.5108376900815063
